{"cameraMode":{"drawMode":0,"name":"Shaded","section":"Shading Mode"},"sceneLighting":true,"audioPlay":false,"sceneViewState":{"showFog":true,"showMaterialUpdate":false,"showSkybox":true,"showFlares":true,"showImageEffects":true,"showParticleSystems":true,"showVisualEffectGraphs":true,"m_FxEnabled":true},"in2DMode":false,"pivot":{"x":-1.0476651191711426,"y":-0.06966996192932129,"z":2.508185386657715},"rotation":{"x":-0.06177077069878578,"y":0.0005956654786132276,"z":-0.000037923717172816396,"w":-0.9980917572975159},"size":5.005970001220703,"orthographic":false}